,Accuracy,ROC-AUC,PR-AUC,Precision (1),Recall (1),F1-score (1)
Logistic Regression,0.7455968688845401,0.8439094650205762,0.2677017968134798,0.13793103448275862,0.8,0.2352941176470588
Random Forest,0.9510763209393346,0.7711625514403292,0.1305934886741854,0.0,0.0,0.0
Logistic Regression with SMOTE,0.7495107632093934,0.8452263374485597,0.27615439304820355,0.13986013986013987,0.8,0.2380952380952381
Random Forest with SMOTE,0.9227005870841487,0.7411419753086419,0.11827910233349725,0.10810810810810811,0.08,0.09195402298850573
